Workbook

Sheet Tổng quan
A1: BÁO CÁO KIỂM THỬ TỰ ĐỘNG – CHỨC NĂNG ĐĂNG NHẬP
A3: Hệ thống kiểm thử | B3: Văn phòng điện tử – Trường ĐH Giao thông vận tải (UTC)
A4: URL | B4: https://vanphongdientu.utc.edu.vn/Login
A5: Thời điểm chạy | B5: 08/10/2026 16:59:22
A6: Trình duyệt | B6: Chrome 154.0.8037.98
A7: Chế độ chạy | B7: Có giao diện
A8: Công cụ | B8: Selenium 4.50.0 + pytest 9.1.1
A10: KẾT QUẢ TỔNG HỢP
A11: Tổng số test case | B11: =COUNTA('Chi tiết'!$B$2:$B$1000)
A12: PASSED (đạt) | B12: =COUNTIF('Chi tiết'!$K$2:$K$1000,"PASSED")
A13: FAILED (sai kết quả mong đợi) | B13: =COUNTIF('Chi tiết'!$K$2:$K$1000,"FAILED")
A14: ERROR (lỗi khi chạy) | B14: =COUNTIF('Chi tiết'!$K$2:$K$1000,"ERROR")
A15: SKIPPED (bỏ qua) | B15: =COUNTIF('Chi tiết'!$K$2:$K$1000,"SKIPPED")
A16: Tỷ lệ đạt (PASSED / số TC đã chạy) | B16: =IF(B11-B15=0,0,B12/(B11-B15))
A17: Tổng thời gian chạy (giây) | B17: =SUM('Chi tiết'!$L$2:$L$1000)
A19: THEO NHÓM
A20: Nhóm | B20: Tổng | C20: PASSED | D20: FAILED | E20: ERROR | F20: SKIPPED
A21: Giao diện | B21: =COUNTIF('Chi tiết'!$C$2:$C$1000,A21) | C21: =COUNTIFS('Chi tiết'!$C$2:$C$1000,$A21,'Chi tiết'!$K$2:$K$1000,"PASSED") | D21: =COUNTIFS('Chi tiết'!$C$2:$C$1000,$A21,'Chi tiết'!$K$2:$K$1000,"FAILED") | E21: =COUNTIFS('Chi tiết'!$C$2:$C$1000,$A21,'Chi tiết'!$K$2:$K$1000,"ERROR") | F21: =COUNTIFS('Chi tiết'!$C$2:$C$1000,$A21,'Chi tiết'!$K$2:$K$1000,"SKIPPED")
A22: Validate – tiêu cực | B22: =COUNTIF('Chi tiết'!$C$2:$C$1000,A22) | C22: =COUNTIFS('Chi tiết'!$C$2:$C$1000,$A22,'Chi tiết'!$K$2:$K$1000,"PASSED") | D22: =COUNTIFS('Chi tiết'!$C$2:$C$1000,$A22,'Chi tiết'!$K$2:$K$1000,"FAILED") | E22: =COUNTIFS('Chi tiết'!$C$2:$C$1000,$A22,'Chi tiết'!$K$2:$K$1000,"ERROR") | F22: =COUNTIFS('Chi tiết'!$C$2:$C$1000,$A22,'Chi tiết'!$K$2:$K$1000,"SKIPPED")
A23: Đăng nhập – tích cực | B23: =COUNTIF('Chi tiết'!$C$2:$C$1000,A23) | C23: =COUNTIFS('Chi tiết'!$C$2:$C$1000,$A23,'Chi tiết'!$K$2:$K$1000,"PASSED") | D23: =COUNTIFS('Chi tiết'!$C$2:$C$1000,$A23,'Chi tiết'!$K$2:$K$1000,"FAILED") | E23: =COUNTIFS('Chi tiết'!$C$2:$C$1000,$A23,'Chi tiết'!$K$2:$K$1000,"ERROR") | F23: =COUNTIFS('Chi tiết'!$C$2:$C$1000,$A23,'Chi tiết'!$K$2:$K$1000,"SKIPPED")
A24: Liên kết | B24: =COUNTIF('Chi tiết'!$C$2:$C$1000,A24) | C24: =COUNTIFS('Chi tiết'!$C$2:$C$1000,$A24,'Chi tiết'!$K$2:$K$1000,"PASSED") | D24: =COUNTIFS('Chi tiết'!$C$2:$C$1000,$A24,'Chi tiết'!$K$2:$K$1000,"FAILED") | E24: =COUNTIFS('Chi tiết'!$C$2:$C$1000,$A24,'Chi tiết'!$K$2:$K$1000,"ERROR") | F24: =COUNTIFS('Chi tiết'!$C$2:$C$1000,$A24,'Chi tiết'!$K$2:$K$1000,"SKIPPED")
A25: Bảo mật | B25: =COUNTIF('Chi tiết'!$C$2:$C$1000,A25) | C25: =COUNTIFS('Chi tiết'!$C$2:$C$1000,$A25,'Chi tiết'!$K$2:$K$1000,"PASSED") | D25: =COUNTIFS('Chi tiết'!$C$2:$C$1000,$A25,'Chi tiết'!$K$2:$K$1000,"FAILED") | E25: =COUNTIFS('Chi tiết'!$C$2:$C$1000,$A25,'Chi tiết'!$K$2:$K$1000,"ERROR") | F25: =COUNTIFS('Chi tiết'!$C$2:$C$1000,$A25,'Chi tiết'!$K$2:$K$1000,"SKIPPED")
A28: Ghi chú:
A29: • FAILED: ứng dụng cho kết quả khác mong đợi (assert sai).
A30: • ERROR: test không chạy được trọn vẹn (không tìm thấy phần tử, Chrome không mở, mạng lỗi...).
A31: • SKIPPED: bỏ qua có chủ đích, thường do chưa khai báo UTC_USER/UTC_PASS trong file .env.
A32: • Các con số ở đây là công thức, tự cập nhật theo cột 'Trạng thái' của sheet 'Chi tiết'.

Sheet Chi tiết
A1: STT | B1: Mã TC | C1: Nhóm | D1: Tên test case | E1: Ưu tiên | F1: Tiền điều kiện | G1: Các bước thực hiện | H1: Dữ liệu test | I1: Kết quả mong đợi | J1: Kết quả thực tế | K1: Trạng thái | L1: Thời gian (s) | M1: Ảnh chụp lỗi | N1: Thời điểm chạy
A2: 1 | B2: TC01 | C2: Giao diện | D2: Mở trang đăng nhập: URL, tiêu đề, HTTPS | E2: Cao | F2: Chrome đã mở, máy có kết nối Internet. | G2: 1. Mở Chrome 2. Truy cập https://vanphongdientu.utc.edu.vn/Login | H2: Không có | I2: Trang tải thành công qua HTTPS, URL chứa /Login, tiêu đề có chữ 'Đăng nhập' | J2: Đúng như mong đợi | K2: PASSED | L2: 3.96 | N2: 08/10/2026 16:59:27
A3: 2 | B3: TC02 | C3: Giao diện | D3: Hiển thị đầy đủ các thành phần trên trang đăng nhập | E3: Cao | F3: Chrome đã mở, máy có kết nối Internet. | G3: 1. Mở Chrome 2. Truy cập https://vanphongdientu.utc.edu.vn/Login 3. Quan sát các thành phần | H3: Không có | I3: Thấy đủ: ô tên đăng nhập, ô mật khẩu, ô tick 'Giữ tôi luôn đăng nhập', nút Đăng nhập, nút đăng nhập e-mail UTC, link Quên mật khẩu, Trung tâm trợ giúp, Ý kiến phản hồi | J3: Đúng như mong đợi | K3: PASSED | L3: 3.23 | N3: 08/10/2026 16:59:33
A4: 3 | B4: TC03 | C4: Giao diện | D4: Ô tên đăng nhập: kiểu text, trống mặc định, có gợi ý | E4: Trung bình | F4: Chrome đã mở, máy có kết nối Internet. | G4: 1. Mở Chrome 2. Truy cập https://vanphongdientu.utc.edu.vn/Login 3. Kiểm tra ô 'Tên đăng nhập' | H4: Không có | I4: Ô kiểu text, giá trị rỗng, có placeholder | J4: Đúng như mong đợi | K4: PASSED | L4: 3.06 | N4: 08/10/2026 16:59:38
A5: 4 | B5: TC04 | C5: Giao diện | D5: Ô mật khẩu che ký tự khi nhập | E5: Cao | F5: Chrome đã mở, máy có kết nối Internet. | G5: 1. Mở Chrome 2. Truy cập https://vanphongdientu.utc.edu.vn/Login 3. Nhập 'Abc@12345' vào ô Mật khẩu | H5: Mật khẩu: Abc@12345 | I5: Ô có type=password (hiển thị dạng chấm) nhưng vẫn nhận đủ dữ liệu | J5: Đúng như mong đợi | K5: PASSED | L5: 2.75 | N5: 08/10/2026 16:59:44
A6: 5 | B6: TC05 | C6: Giao diện | D6: Nút 'Đăng nhập' hiển thị đúng nhãn và bấm được | E6: Trung bình | F6: Chrome đã mở, máy có kết nối Internet. | G6: 1. Mở Chrome 2. Truy cập https://vanphongdientu.utc.edu.vn/Login 3. Kiểm tra nút Đăng nhập | H6: Không có | I6: Nút có nhãn 'Đăng nhập' và ở trạng thái enabled | J6: Đúng như mong đợi | K6: PASSED | L6: 2.48 | N6: 08/10/2026 16:59:49
A7: 6 | B7: TC06 | C7: Giao diện | D7: Ô 'Giữ tôi luôn đăng nhập' mặc định chưa được tick | E7: Thấp | F7: Chrome đã mở, máy có kết nối Internet. | G7: 1. Mở Chrome 2. Truy cập https://vanphongdientu.utc.edu.vn/Login 3. Quan sát ô 'Giữ tôi luôn đăng nhập' | H7: Không có | I7: Ô tick ở trạng thái chưa chọn | J7: Đúng như mong đợi | K7: PASSED | L7: 2.07 | N7: 08/10/2026 16:59:54
A8: 7 | B8: TC07 | C8: Giao diện | D8: Bấm ô 'Giữ tôi luôn đăng nhập' để tick rồi bỏ tick | E8: Trung bình | F8: Chrome đã mở, máy có kết nối Internet. | G8: 1. Mở Chrome 2. Truy cập https://vanphongdientu.utc.edu.vn/Login 3. Bấm vào ô 'Giữ tôi luôn đăng nhập' 4. Bấm thêm lần nữa | H8: Không có | I8: Lần 1: được tick. Lần 2: bỏ tick | J8: Đúng như mong đợi | K8: PASSED | L8: 2.34 | N8: 08/10/2026 16:59:58
A9: 8 | B9: TC08 | C9: Giao diện | D9: Phím Tab chuyển focus từ ô tên đăng nhập sang ô mật khẩu | E9: Thấp | F9: Chrome đã mở, máy có kết nối Internet. | G9: 1. Mở Chrome 2. Truy cập https://vanphongdientu.utc.edu.vn/Login 3. Bấm vào ô Tên đăng nhập 4. Nhấn phím Tab | H9: Không có | I9: Focus chuyển sang ô Mật khẩu | J9: Đúng như mong đợi | K9: PASSED | L9: 1.99 | N9: 08/10/2026 17:00:03
A10: 9 | B10: TC09 | C10: Giao diện | D10: Giao diện điện thoại (375x812): vẫn thấy form đăng nhập | E10: Trung bình | F10: Chrome đã mở, máy có kết nối Internet. | G10: 1. Mở Chrome, thu cửa sổ về 375x812 2. Truy cập https://vanphongdientu.utc.edu.vn/Login | H10: Kích thước: 375x812 | I10: Ô tên đăng nhập, ô mật khẩu và nút Đăng nhập vẫn hiển thị | J10: Đúng như mong đợi | K10: PASSED | L10: 7.45 | N10: 08/10/2026 17:00:13
A11: 10 | B11: TC10 | C11: Giao diện | D11: Trang đăng nhập tải xong trong 10 giây | E11: Thấp | F11: Chrome đã mở, máy có kết nối Internet. | G11: 1. Mở Chrome 2. Truy cập https://vanphongdientu.utc.edu.vn/Login 3. Đo thời gian từ lúc truy cập đến khi thấy ô tên đăng nhập | H11: Ngưỡng: 10 giây | I11: Thời gian tải < 10 giây | J11: Đúng như mong đợi | K11: PASSED | L11: 2.72 | N11: 08/10/2026 17:00:18
A12: 11 | B12: TC11 | C12: Validate – tiêu cực | D12: Để trống cả tên đăng nhập và mật khẩu | E12: Cao | F12: Chrome đã mở, máy có kết nối Internet. | G12: 1. Mở Chrome 2. Truy cập https://vanphongdientu.utc.edu.vn/Login 3. Nhập tên đăng nhập: (để trống) 4. Nhập mật khẩu: (để trống) 5. Bấm nút 'Đăng nhập' | H12: Cả hai ô để trống | I12: Không đăng nhập được, vẫn ở trang đăng nhập và còn form đăng nhập | J12: Đúng như mong đợi | K12: PASSED | L12: 2.28 | N12: 08/10/2026 17:00:23
A13: 12 | B13: TC12 | C13: Validate – tiêu cực | D13: Để trống tên đăng nhập, có nhập mật khẩu | E13: Cao | F13: Chrome đã mở, máy có kết nối Internet. | G13: 1. Mở Chrome 2. Truy cập https://vanphongdientu.utc.edu.vn/Login 3. Nhập tên đăng nhập: (để trống) 4. Nhập mật khẩu: Abc@12345 5. Bấm nút 'Đăng nhập' | H13: Mật khẩu: Abc@12345 | I13: Không đăng nhập được, vẫn ở trang đăng nhập và còn form đăng nhập | J13: Đúng như mong đợi | K13: PASSED | L13: 3.09 | N13: 08/10/2026 17:00:29
... A32: 31 | B32: TC32 | C32: Bảo mật | D32: Ô mật khẩu được làm trống sau khi đăng nhập thất bại | E32: Trung bình | F32: Chrome đã mở, máy có kết nối Internet. | G32: 1. Mở Chrome 2. Truy cập https://vanphongdientu.utc.edu.vn/Login 3. Nhập tên 'tc32_user', mật khẩu 'Sai@Pass123' 4. Bấm 'Đăng nhập' 5. Xem ô Mật khẩu | H32: Tên: tc32_user; Mật khẩu: Sai@Pass123 | I32: Ô mật khẩu trống, không giữ lại mật khẩu vừa nhập | J32: Đúng như mong đợi | K32: PASSED | L32: 2.26 | N32: 08/10/2026 17:01:40
